Item Id,Item Name,Price,Sales,Shop Name,Commission Rate,Commission,Product Link,Offer Link
26473091267,Razer DeathAdder Essential Gaming Mouse | 6400 DPI Optical Sensor | 5 Programmable Buttons,89.00,2k+,Razer Official Malaysia,9%,RM8.01,https://shopee.com.my/product/1404971955/26473091267,https://s.shopee.com.my/3LQAX0atTJ
28369874342,Razer BlackShark V2 X Gaming Headset | 7.1 Surround Sound,209.80,4k+,Razer Official Malaysia,9%,RM18.88,https://shopee.com.my/product/1404971955/28369874342,https://s.shopee.com.my/3qMR7vYzSQ
29869666943,Razer Gigantus V2 Cloth Gaming Mouse Pad | MEDIUM / LARGE / XXL / 3XL | Thick and High-Density Foam,67.00,2k+,Razer Official Malaysia,9%,RM6.03,https://shopee.com.my/product/1404971955/29869666943,https://s.shopee.com.my/3g30vcZcnP
28518941647,Razer Basilisk V3 Customizable Ergonomic Gaming Mouse | Fastest Gaming Mouse Switch | Chroma RGB Lighting,224.50,1k+,Razer Official Malaysia,9%,RM20.21,https://shopee.com.my/product/1404971955/28518941647,https://s.shopee.com.my/4AzHWXXimW
27669014846,Razer DeathAdder V2 X HyperSpeed Wireless Gaming Mouse | Award-Winning Ergonomic Design | 235hr Battery Life,169.60,1k+,Razer Official Malaysia,9%,RM15.26,https://shopee.com.my/product/1404971955/27669014846,https://s.shopee.com.my/40frKEYM7V
23590532396,Razer Basilisk V3 X HyperSpeed Wireless Gaming Mouse | 18K Optical Sensor | Mechanical Switches,276.40,1k+,Razer Official Malaysia,9%,RM24.88,https://shopee.com.my/product/1404971955/23590532396,https://s.shopee.com.my/4Vc7v9WS6c
27820805905,Razer Seiren V3 Mini | USB Microphone | Condenser Mic Supercardioid Pickup Pattern,236.20,1k+,Razer Official Malaysia,9%,RM21.26,https://shopee.com.my/product/1404971955/27820805905,https://s.shopee.com.my/4LIhiqX5Rb
26219547328,Razer Ornata V3 X Gaming Keyboard | Low Profile Keys | Silent Membrane Switches,184.30,1k+,Razer Official Malaysia,9%,RM16.59,https://shopee.com.my/product/1404971955/26219547328,https://s.shopee.com.my/4qEyJlVBQi
28119466060,Razer BlackWidow V3 Tenkeyless Mechanical Gaming Keyboard | Chroma RGB Lighting | Compact Form Factor,303.80,695,Razer Official Malaysia,9%,RM27.34,https://shopee.com.my/product/1404971955/28119466060,https://s.shopee.com.my/4fvY7SVolh
27969778976,Razer Barracuda X Wireless Gaming & Mobile Headset | 2.4GHz Wireless + Bluetooth | 40mm Drivers | Detachable Mic,395.00,917,Razer Official Malaysia,9%,RM35.55,https://shopee.com.my/product/1404971955/27969778976,https://s.shopee.com.my/5AroiNTuko
27669009216,Razer DeathAdder V3 Wired Gaming Mouse | 59g Ultra Lightweight | Focus Pro 30K Optical Sensor,209.80,753,Razer Official Malaysia,9%,RM18.88,https://shopee.com.my/product/1404971955/27669009216,https://s.shopee.com.my/50YOW4UY5n
45007376403,[NEW] Razer Viper V4 Pro Ultra-lightweight Wireless Symmetrical Esports Mouse | BLACK / WHITE,963.00,244,Razer Official Malaysia,9%,RM86.67,https://shopee.com.my/product/1404971955/45007376403,https://s.shopee.com.my/5LBEugTHPs
43658537287,Razer Hammerhead V3 Wired | BLACK / WHITE | Dynamic 11mm Drivers | USB-C DAC Adapter,328.00,384,Razer Official Malaysia,9%,RM29.52,https://shopee.com.my/product/1404971955/43658537287,https://s.shopee.com.my/5VUf6zSe4v
24389133968,Razer BlackShark V2 HyperSpeed Wireless Gaming Headset | BLACK / WHITE |,553.70,440,Razer Official Malaysia,9%,RM49.83,https://shopee.com.my/product/1404971955/24389133968,https://s.shopee.com.my/5fo5JIS0jy
29318842688,Razer Cobra Lightweight Wired Gaming Mouse | Chroma RGB Lighting with Underglow | Precise 8500 DPI Optical Sensor,191.10,742,Razer Official Malaysia,9%,RM17.20,https://shopee.com.my/product/1404971955/29318842688,https://s.shopee.com.my/5q7VVbRNP1
27218836474,Razer Orochi V2 Mobile Wireless Gaming Mouse | 950 Hours of Battery Life | 5G Advanced 18K DPI Optical Sensor,214.00,692,Razer Official Malaysia,9%,RM19.26,https://shopee.com.my/product/1404971955/27218836474,https://s.shopee.com.my/60QvhuQk44
52502841346,[EXCLUSIVE] Razer Viper V2 Pro HyperSpeed Wireless Gaming Mouse | 58g Ultra Lightweight | Optical Switches Gen-3,355.00,92,Razer Official Malaysia,9%,RM31.95,https://shopee.com.my/product/1404971955/52502841346,https://s.shopee.com.my/6AkLuDQ6j7
42683152463,[NEW] Razer Huntsman V3 HE Magnetic Mini 65% 8KHz Wired Gaming Keyboard | Hall Effect Magnetic Switch | 8000 Hz Polling,669.00,17,Razer Official Malaysia,5%,RM33.45,https://shopee.com.my/product/1404971955/42683152463,https://s.shopee.com.my/6L3m6WPTOA
42009447039,Razer Cobra Hyperspeed Wireless Gaming Mouse | 62g Lightweight Design | 4-Zone Chroma Lighting with Underglow,395.00,133,Razer Official Malaysia,9%,RM35.55,https://shopee.com.my/product/1404971955/42009447039,https://s.shopee.com.my/6VNCIpOq3D
50165171584,[NEW] Razer Huntsman V3 HE Magnetic TKL 8KHz Wired Gaming Keyboard | Hall Effect Magnetic Switch | 8000 Hz Polling,784.00,16,Razer Official Malaysia,5%,RM39.20,https://shopee.com.my/product/1404971955/50165171584,https://s.shopee.com.my/6fgcV8OCiG
27519439843,Razer BlackWidow V4 X Mechanical Gaming Keyboard | 6 Macro Keys | Chroma RGB - Doubleshot ABS Keycaps,474.40,470,Razer Official Malaysia,9%,RM42.70,https://shopee.com.my/product/1404971955/27519439843,https://s.shopee.com.my/6q02hRNZNJ
26869920286,Razer Kraken V3 X Wired USB Gaming Headset | Lightweight Build | Triforce 40mm Drivers,287.00,450,Razer Official Malaysia,9%,RM25.83,https://shopee.com.my/product/1404971955/26869920286,https://s.shopee.com.my/70JStkMw2M
42827119419,[EXCLUSIVE] Razer Huntsman V2 Analog Gaming Keyboard (Japenese Layout) | Razer Analog Optical Switches,548.00,139,Razer Official Malaysia,9%,RM49.32,https://shopee.com.my/product/1404971955/42827119419,https://s.shopee.com.my/7Act63MIhP
26118929394,Razer Basilisk V3 Pro Wireless Gaming Mouse | HyperScroll Tilt Wheel | 30K DPI Optical Sensor,767.00,331,Razer Official Malaysia,9%,RM69.03,https://shopee.com.my/product/1404971955/26118929394,https://s.shopee.com.my/7KwJIMLfMS
28368921193,"Razer Viper V3 Pro Wireless Esports Gaming Mouse | 54g Lightweight | 35,000 DPI Optical Sensor with Advanced Features",820.00,567,Razer Official Malaysia,9%,RM73.80,https://shopee.com.my/product/1404971955/28368921193,https://s.shopee.com.my/7VFjUfL21V
29818829785,Razer Cobra Pro Customizable Wireless Gaming Mouse | Chroma RGB Lighting | Gen-3 Optical Switches,565.00,532,Razer Official Malaysia,9%,RM50.85,https://shopee.com.my/product/1404971955/29818829785,https://s.shopee.com.my/7fZ9gyKOgY
49601130313,Razer Raiju V3 Pro Wireless Esports Controller for PlayStation 5 & PC | BLACK / WHITE,1.1k,91,Razer Official Malaysia,9%,RM101.97,https://shopee.com.my/product/1404971955/49601130313,https://s.shopee.com.my/7psZtHJlLb
26623433748,Razer Laptop Cooling Pad | Adaptive Smart Intelligent Fan Control | Airtight Pressure Chamber,879.00,89,Razer Official Malaysia,9%,RM79.11,https://shopee.com.my/product/1404971955/26623433748,https://s.shopee.com.my/80C05aJ80e
26419172568,Razer BlackWidow V4 Mechanical Gaming Keyboard | 6 Macro Keys | Magnetic Wrist Rest,754.00,139,Razer Official Malaysia,9%,RM67.86,https://shopee.com.my/product/1404971955/26419172568,https://s.shopee.com.my/8AVQHtIUfh
49358787395,Razer Hammerhead V3 X HyperSpeed Wireless Multi‑Platform Gaming Earbuds | HYPERSPEED CASE | THX Spatial Audio,529.00,36,Razer Official Malaysia,9%,RM47.61,https://shopee.com.my/product/1404971955/49358787395,https://s.shopee.com.my/8KoqUCHrKk
29073091414,Razer Kraken X Lite Ultralight Gaming Headset | 7.1 Surround Sound | Lightweight Aluminium Frame,181.00,159,Razer Official Malaysia,9%,RM16.29,https://shopee.com.my/product/1404971955/29073091414,https://s.shopee.com.my/8V8GgVHDzn
26118926660,Razer Basilisk V3 Pro 35K Wireless Gaming Mouse | HyperScroll Tilt Wheel | 35K DPI Optical Sensor Gen 2,930.00,111,Razer Official Malaysia,9%,RM83.70,https://shopee.com.my/product/1404971955/26118926660,https://s.shopee.com.my/8fRgsoGaeq
57008758169,Razer Hammerhead V3 HyperSpeed Wireless Multi-Platform ANC Gaming Earbuds | THX Spatial Audio | 2.4GHz & Bluetooth,784.00,47,Razer Official Malaysia,9%,RM70.56,https://shopee.com.my/product/1404971955/57008758169,https://s.shopee.com.my/8pl757FxJt
26123144820,Razer HyperPolling Wireless Dongle | 8K Hz Wireless Polling Rate,172.00,144,Razer Official Malaysia,9%,RM15.48,https://shopee.com.my/product/1404971955/26123144820,https://s.shopee.com.my/904XHQFJyw
28470130297,Razer Leviathan V2 | Multi-Driver PC Gaming Soundbar with Subwoofer,1.6k,68,Razer Official Malaysia,9%,RM146.07,https://shopee.com.my/product/1404971955/28470130297,https://s.shopee.com.my/9ANxTjEgdz
27820984507,Razer Ergonomic Wrist Rest | Full-Sized/Mini/Tenkeyless,129.00,144,Razer Official Malaysia,9%,RM11.61,https://shopee.com.my/product/1404971955/27820984507,https://s.shopee.com.my/9KhNg2E3J2
42251895782,Razer Pro Click V2 Wireless Mouse | 6 Button Ergonomic Design | One Click AI Prompt | Long Battery Life | Chroma RGB,537.00,50,Razer Official Malaysia,9%,RM48.33,https://shopee.com.my/product/1404971955/42251895782,https://s.shopee.com.my/9V0nsLDPy5
27470153225,Razer Nommo V2 | Full-Range 2.1 PC Gaming Speakers with Wired Subwoofer,1.6k,119,Razer Official Malaysia,9%,RM141.84,https://shopee.com.my/product/1404971955/27470153225,https://s.shopee.com.my/9fKE4eCmd8
26118918268,Razer Viper V3 HyperSpeed Wireless Esports Gaming Mouse | 82g Lightweight | 30K DPI Optical Sensor,365.00,172,Razer Official Malaysia,9%,RM32.85,https://shopee.com.my/product/1404971955/26118918268,https://s.shopee.com.my/9pdeGxC9IB
40860763998,Razer BlackShark V3 X HyperSpeed Wireless Esports Headset | HyperSpeed Wireless | TriForce 50 mm Drivers Gen-2,671.00,165,Razer Official Malaysia,9%,RM60.39,https://shopee.com.my/product/1404971955/40860763998,https://s.shopee.com.my/9zx4TGBVxE
55159304342,Razer Atlas Pro Tempered Glass Gaming Mouse Mat | BLACK WHITE | Ultra-Thin | Ultra‑Smooth Low‑Friction Surface,846.00,18,Razer Official Malaysia,9%,RM76.14,https://shopee.com.my/product/1404971955/55159304342,https://s.shopee.com.my/AAGUfZAscH
24196167836,Razer BlackShark V3 Wireless Esports Headset | BLACK / WHITE | Triforce Titanium 50mm Drivers Gen-2,963.00,89,Razer Official Malaysia,9%,RM86.67,https://shopee.com.my/product/1404971955/24196167836,https://s.shopee.com.my/AKZursAFHK
26593526765,[EXCLUSIVE] Razer BlackWidow Essential Mechanical Gaming Keyboard | Razer Mechanical Switches | Fully Programmable Keys,312.00,89,Razer Official Malaysia,9%,RM28.08,https://shopee.com.my/product/1404971955/26593526765,https://s.shopee.com.my/AUtL4B9bwN
29819911954,Razer Kraken V4 X Wired Gaming Headset | 40 mm Drivers | Memory Foam Cushions,529.00,108,Razer Official Malaysia,9%,RM47.61,https://shopee.com.my/product/1404971955/29819911954,https://s.shopee.com.my/19iYsnaFM
25888773742,Razer Naga V2 HyperSpeed Ergonomic Wireless MMO Gaming Mouse | 19 Programmable Buttons | Focus Pro 30K Optical Sensor,403.00,64,Razer Official Malaysia,9%,RM36.27,https://shopee.com.my/product/1404971955/25888773742,https://s.shopee.com.my/BT8lBmwuP
42758526737,Razer DeathAdder V4 Pro Wireless Gaming Mouse | 56g Lightweight | HyperSpeed Wireless Gen-2,1.0k,164,Razer Official Malaysia,9%,RM93.60,https://shopee.com.my/product/1404971955/42758526737,https://s.shopee.com.my/LmYxUmJZS
28923464539,Razer Mouse Dock Pro with Wireless Charging Puck | Magnetic Wireless Charging | Integrated HyperPolling 8K Hz,465.00,189,Razer Official Malaysia,9%,RM41.85,https://shopee.com.my/product/1404971955/28923464539,https://s.shopee.com.my/W5z9nlgEV
41310790225,Razer BlackShark V3 Pro Wireless ANC Esports Headset | BLACK / WHITE | TriForce Bio-Cellulose 50 mm Drivers,1.6k,92,Razer Official Malaysia,9%,RM145.17,https://shopee.com.my/product/1404971955/41310790225,https://s.shopee.com.my/gPPM6l2tY
48912040809,"[NEW] Razer Rogue V4 Gaming Laptop Backpack | 16"" / 18"" | Tear & Water Resistant Exterior | Shockproof Sleeve",602.00,11,Razer Official Malaysia,12%,RM72.24,https://shopee.com.my/product/1404971955/48912040809,https://s.shopee.com.my/qipYPkPYb
26720998965,Razer Barracuda X Chroma | BLACK / WHITE | 6 Zone Chroma RGB Wireless Multi-Platform Gaming Headset,839.00,214,Razer Official Malaysia,9%,RM75.51,https://shopee.com.my/product/1404971955/26720998965,https://s.shopee.com.my/112FkijmDe
41160867897,Razer Basilisk Mobile Portable Ergonomic Wireless Gaming Mouse | 10 Programmable Controls HyperScroll,398.00,25,Razer Official Malaysia,9%,RM35.82,https://shopee.com.my/product/1404971955/41160867897,https://s.shopee.com.my/1BLfx1j8sh
52456536270,Razer Kiyo V2 Streaming Webcam | AI Powered Auto-Framing | Built-in Microphone | Ultrawide Angle Lens,949.00,8,Razer Official Malaysia,9%,RM85.41,https://shopee.com.my/product/1404971955/52456536270,https://s.shopee.com.my/1Lf69KiVXk
46462039223,[NEW] Razer Seiren V3 Pro Microphone | Dynamic USB C & XLR Streaming Mic | 32-bit Float Support | Built-in Audio DSP,1.5k,7,Razer Official Malaysia,9%,RM130.86,https://shopee.com.my/product/1404971955/46462039223,https://s.shopee.com.my/1VyWLdhsCn
45950573930,Razer Firefly V2 Pro Fully Illuminated RGB Gaming Mouse Mat | Phantom White Edition,685.00,18,Razer Official Malaysia,9%,RM61.65,https://shopee.com.my/product/1404971955/45950573930,https://s.shopee.com.my/1gHwXwhErq
24738884778,Razer BlackWidow V4 Pro Wired Mechanical Gaming Keyboard | CLICKY / LINEAR | Doubleshot ABS Keycaps,1.4k,42,Razer Official Malaysia,9%,RM127.89,https://shopee.com.my/product/1404971955/24738884778,https://s.shopee.com.my/1qbMkFgbWt
40578046187,"Razer Viper V3 Pro SE Wireless Esports Gaming Mouse | 54g Lightweight | 35,000 DPI Optical Sensor",620.00,75,Razer Official Malaysia,9%,RM55.80,https://shopee.com.my/product/1404971955/40578046187,https://s.shopee.com.my/20umwYfyBw
24545538937,Razer Kishi V3 Gaming Controller | Full Sized TMR Thumbsticks | Wired & Remote Play for PC | Dual Back Buttons,657.00,13,Razer Official Malaysia,9%,RM59.13,https://shopee.com.my/product/1404971955/24545538937,https://s.shopee.com.my/2BED8rfKqz
44900871871,Razer Huntsman V3 Pro 8KHz Esports Gaming Keyboard | Analog Optical Switches Gen 2 | 8000 Hz Polling Snap Tap,1.6k,17,Razer Official Malaysia,9%,RM147.24,https://shopee.com.my/product/1404971955/44900871871,https://s.shopee.com.my/2LXdLAehW2
53400253374,Razer BlackWidow V4 TKL HyperSpeed Wireless Hot Swappable Gaming Keyboard | 2.4GHz Wireless & Bluetooth,906.00,47,Razer Official Malaysia,9%,RM81.54,https://shopee.com.my/product/1404971955/53400253374,https://s.shopee.com.my/2Vr3XTe4B5
41133478602,[NEW] Razer Naga V3 Pro Wireless MMO Gaming Mouse with Swappable Side Plates | 23 Programmable Buttons | HyperScroll,1.0k,2,Razer Official Malaysia,5%,RM50.05,https://shopee.com.my/product/1404971955/41133478602,https://s.shopee.com.my/2gATjmdQq8
49751402194,Razer BlackShark V3 Pro Wireless ANC Gaming Headset X Playstation | BLACK / WHITE | Triforce Bio-cellulouse 50mm Drivers,1.6k,17,Razer Official Malaysia,9%,RM145.17,https://shopee.com.my/product/1404971955/49751402194,https://s.shopee.com.my/2qTtw5cnVB
26873463517,Razer BlackShark V2 X PlayStation Gaming Headset | BLACK / WHITE / QUARTZ,316.00,28,Razer Official Malaysia,9%,RM28.44,https://shopee.com.my/product/1404971955/26873463517,https://s.shopee.com.my/30nK8OcAAE
47314969038,[NEW] Razer Seiren V3 Chroma 32‐Bit DSP USB-C Microphone | BLACK / WHITE / QUARTZ | AI Audio Process | Noise Isolation,694.00,4,Razer Official Malaysia,5%,RM34.70,https://shopee.com.my/product/1404971955/47314969038,https://s.shopee.com.my/3B6kKhbWpH
41175860985,Razer Cobra Wired Gaming Mouse | Zenless Zone Zero Edition,374.00,186,Razer Official Malaysia,9%,RM33.66,https://shopee.com.my/product/1404971955/41175860985,https://s.shopee.com.my/3LQAX0atUK
29169544080,Razer Ornata V3 Gaming Keyboard | Low Profile Keys | Backlit Media Keys,362.00,138,Razer Official Malaysia,9%,RM32.58,https://shopee.com.my/product/1404971955/29169544080,https://s.shopee.com.my/3VjajJaG9N
27376883248,Razer Viper V3 Pro Wireless Esports Gaming Mouse | Faker Edition,1.1k,97,Razer Official Malaysia,9%,RM99.36,https://shopee.com.my/product/1404971955/27376883248,https://s.shopee.com.my/3g30vcZcoQ
27369164301,Razer BlackWidow V4 75% Mechanical Gaming Keyboard | BLACK / WHITE | Hot-Swappable Design,1.2k,15,Razer Official Malaysia,9%,RM103.68,https://shopee.com.my/product/1404971955/27369164301,https://s.shopee.com.my/3qMR7vYzTT
55200851832,Razer Huntsman V3 Pro TKL 8KHz Esports Gaming Keyboard | Analog Optical Switches Gen 2 | 8000 Hz Polling Snap Tap,1.5k,33,Razer Official Malaysia,9%,RM130.86,https://shopee.com.my/product/1404971955/55200851832,https://s.shopee.com.my/40frKEYM8W
49600599510,Razer BlackShark V3 Pro Wireless ANC Gaming Headset | Counter-Strike 2 Edition,1.7k,15,Razer Official Malaysia,9%,RM154.89,https://shopee.com.my/product/1404971955/49600599510,https://s.shopee.com.my/4AzHWXXinZ
46860419008,[NEW] Razer Huntsman V3 TKL 8KHz Esports Gaming Keyboard | Analog Optical Switches Gen 2 with Rapid Trigger,1.0k,3,Razer Official Malaysia,9%,RM93.60,https://shopee.com.my/product/1404971955/46860419008,https://s.shopee.com.my/4LIhiqX5Sc
44176017082,Razer BlackWidow V4 75% Mechanical Gaming Keyboard | Phantom White Edition,1.1k,20,Razer Official Malaysia,9%,RM100.80,https://shopee.com.my/product/1404971955/44176017082,https://s.shopee.com.my/4Vc7v9WS7f
29670968883,Razer Xanthus Crossbody Bag | Detachable Earphones Mini Pouch,494.00,30,Razer Official Malaysia,12%,RM59.28,https://shopee.com.my/product/1404971955/29670968883,https://s.shopee.com.my/4fvY7SVomi
24989514005,Razer Kraken Kitty V2 BT Wireless RGB Headset | BLACK / WHITE / QUARTZ |,644.00,55,Razer Official Malaysia,9%,RM57.96,https://shopee.com.my/product/1404971955/24989514005,https://s.shopee.com.my/4qEyJlVBRl
56155832839,Razer Enki X Essential Gaming Chair | All-Day Comfort | Built-in Lumbar Arch | Optimized Cushion Density,2.0k,5,Razer Official Malaysia,9%,RM176.67,https://shopee.com.my/product/1404971955/56155832839,https://s.shopee.com.my/50YOW4UY6o
47750588772,Razer Kishi V3 Gaming Controller | Phantom White Edition,747.00,5,Razer Official Malaysia,9%,RM67.23,https://shopee.com.my/product/1404971955/47750588772,https://s.shopee.com.my/5AroiNTulr
29319555224,Razer Ornata V3 TKL Gaming Keyboard | Low Profile Keys | Spill Resistant,322.00,61,Razer Official Malaysia,9%,RM28.98,https://shopee.com.my/product/1404971955/29319555224,https://s.shopee.com.my/5q7VVbRNQ0
27020914557,Razer Pro Glide Soft Mouse Mat | XXL,227.00,22,Razer Official Malaysia,9%,RM20.43,https://shopee.com.my/product/1404971955/27020914557,https://s.shopee.com.my/5fo5JIS0kz
26134986477,Razer Pro Click V2 Vertical Wireless Mouse | 6 Button Ergonomic Design | One Click AI Prompt | Long Battery Life,732.00,49,Razer Official Malaysia,9%,RM65.88,https://shopee.com.my/product/1404971955/26134986477,https://s.shopee.com.my/5VUf6zSe5y
42129698476,Razer Pro Type Ergo Wireless Split Ergonomic RGB Keyboard | Wrist Rest | Natural Typing | Multi Device Connect,1.0k,5,Razer Official Malaysia,9%,RM90.63,https://shopee.com.my/product/1404971955/42129698476,https://s.shopee.com.my/5LBEugTHQx
43625136556,Razer Kiyo V2 X Streaming Webcam | Auto Focus | Built-in Mic | Wide Angle Lense | Integrated Privacy Shutter,620.00,5,Razer Official Malaysia,9%,RM55.80,https://shopee.com.my/product/1404971955/43625136556,https://s.shopee.com.my/6VNCIpOq4C
28822809883,Razer Enki Gaming Chair | BLACK GREEN / QUARTZ,2.4k,18,Razer Official Malaysia,9%,RM219.96,https://shopee.com.my/product/1404971955/28822809883,https://s.shopee.com.my/6L3m6WPTPB
40265232193,Razer Wolverine V3 Tournament Edition 8K Wired Gaming Controller | 8KHz Polling Rate | TMR Thumbsticks w/Swappable,686.00,16,Razer Official Malaysia,9%,RM61.74,https://shopee.com.my/product/1404971955/40265232193,https://s.shopee.com.my/6AkLuDQ6kA
40254359246,Razer Kishi V3 Pro Gaming Controller | Full Sized TMR Thumbsticks | Wired & Remote Play for PC | Haptics,1.0k,29,Razer Official Malaysia,9%,RM90.36,https://shopee.com.my/product/1404971955/40254359246,https://s.shopee.com.my/60QvhuQk59
55204730492,Razer Iskur V2 NewGen Ergonomic Gaming Chair with Breathable Comfort | Razer HyperFlex Lumbar Support,3.7k,17,Razer Official Malaysia,9%,RM336.87,https://shopee.com.my/product/1404971955/55204730492,https://s.shopee.com.my/7Act63MIiO
53059304658,Razer Gigantus V2 Pro Large | MAX SPEED / MAX CONTROL | Soft E-Sports Gaming Mouse Pad for Speed and Control,332.00,4,Razer Official Malaysia,9%,RM29.88,https://shopee.com.my/product/1404971955/53059304658,https://s.shopee.com.my/70JStkMw3N
51900263249,Razer BlackWidow V4 X Mechanical Gaming Keyboard | Zenless Zone Zero Edition,1.0k,49,Razer Official Malaysia,9%,RM93.60,https://shopee.com.my/product/1404971955/51900263249,https://s.shopee.com.my/6q02hRNZOM
51004733093,Razer Iskur V2 X NewGen Ergonomic Gaming Chair with Breathable Comfort | BLACK / QUARTZ,2.1k,8,Razer Official Malaysia,9%,RM193.32,https://shopee.com.my/product/1404971955/51004733093,https://s.shopee.com.my/6fgcV8OCjL
40353392516,Razer BlackWidow V4 75% Mechanical Gaming Keyboard | Phantom Green Edition,1.0k,7,Razer Official Malaysia,9%,RM92.79,https://shopee.com.my/product/1404971955/40353392516,https://s.shopee.com.my/7psZtHJlMa
26822840329,Razer Enki Pro Premium Gaming Chair | Upholstered Alcantara | All-Day Comfort | Lumbar Arch,4.7k,30,Razer Official Malaysia,9%,RM422.91,https://shopee.com.my/product/1404971955/26822840329,https://s.shopee.com.my/7fZ9gyKOhZ
26418927673,Razer Basilisk V3 35K Wired Ergonomic Gaming Mouse | HyperScroll Tilt Wheel | Optical Switches Gen 3,487.00,55,Razer Official Malaysia,9%,RM43.83,https://shopee.com.my/product/1404971955/26418927673,https://s.shopee.com.my/7VFjUfL22Y
25490452895,Razer Strider Chroma Hybrid Gaming Mouse Mat | Hybrid Soft/Hard Mat | 19 Chroma RGB Lighting Zones,886.00,20,Razer Official Malaysia,9%,RM79.74,https://shopee.com.my/product/1404971955/25490452895,https://s.shopee.com.my/7KwJIMLfNX
48915196341,[NEW] Razer Travel Case Folio for Portable Keyboards | Multi-Angle Stand | Magnetic Closure | PU Leather Exterior,320.00,1,Razer Official Malaysia,5%,RM16.00,https://shopee.com.my/product/1404971955/48915196341,https://s.shopee.com.my/8V8GgVHE0m
54914218255,[NEW] Razer Hammerhead V3 X HyperSpeed Playstation Wireless Multi‑Platform Gaming Earbuds | THX Spatial Audio,618.00,1,Razer Official Malaysia,5%,RM30.90,https://shopee.com.my/product/1404971955/54914218255,https://s.shopee.com.my/8KoqUCHrLl
45554953501,Razer Kitsune All-Button Arcade Controller | 2XKO Edition,1.4k,2,Razer Official Malaysia,9%,RM124.56,https://shopee.com.my/product/1404971955/45554953501,https://s.shopee.com.my/8AVQHtIUgk
42269636235,Razer Core X V2 Graphics Enclosure | Thunderbolt™ 4 | Connect Full-Sized Graphics Cards,2.1k,6,Razer Official Malaysia,9%,RM190.89,https://shopee.com.my/product/1404971955/42269636235,https://s.shopee.com.my/80C05aJ81j
28970120237,"Razer Moray in-Ear Monitor for All-Day Streaming | Clear, Full-Range Audio | Comfortable Fit",841.00,23,Razer Official Malaysia,9%,RM75.69,https://shopee.com.my/product/1404971955/28970120237,https://s.shopee.com.my/9ANxTjEgey
57050579625,Razer Huntsman V3 Pro TKL Esports Gaming Keyboard | Counter-Strike 2 Edition,1.6k,11,Razer Official Malaysia,9%,RM144.00,https://shopee.com.my/product/1404971955/57050579625,https://s.shopee.com.my/904XHQFJzx
49812037524,Razer Iskur V2 X Ergonomic Gaming Chair | 2XKO Edition,2.0k,0,Razer Official Malaysia,9%,RM184.23,https://shopee.com.my/product/1404971955/49812037524,https://s.shopee.com.my/8pl757FxKw
49450278574,Razer Game On Bundle | DeathAdder Essential / Kraken X Lite / Mouse Bungee V3 Chroma,312.00,11,Razer Official Malaysia,9%,RM28.08,https://shopee.com.my/product/1404971955/49450278574,https://s.shopee.com.my/8fRgsoGafv
48000604415,Razer Viper V3 Pro Wireless Esports Gaming Mouse | Counter-Strike 2 Edition,1.1k,11,Razer Official Malaysia,9%,RM99.36,https://shopee.com.my/product/1404971955/48000604415,https://s.shopee.com.my/9pdeGxC9JA
